Filelist,Original Transcription,Google regular Transcription,Google Enhanced Transcriptions,Azure Transcription,AWS Transcriptions,Google_letter_accuracy,Google_Enhanced_letter_accuracy,Azure_letter_accuracy,AWS_letter_accuracy,Google_word_accuracy,Google_Enhanced_word_accuracy,Azure_word_accuracy,AWS_word_accuracy
derrick1.wav,At EY you need to own your performance Nina and make sure to be proactive in communicating when you're not able to deliver on agreed-upon timelines. What you think should have been done to prevent this from happening?,Error:You need to own your performance nina. Mixture to be proactive in communicating. Should have been done to prevent this from happening. ,"Eat why?You need to own your performance, Nina.And make sure to be proactive in communicating when you're not able to deliver on agreed-upon, timelines.What you think should have been done to prevent this from happening?","And eat why?You need to own your performance, Nina.And make sure to be proactive in communicating when you're not able to deliver on agreed upon timelines.What you think should have been done to prevent this from happening?","and eat why you need to own your performance nina and make sure to be proactive in communicating when you're not able to deliver an agreed upon timelines, what you think should have been done to prevent this from happening.",70.94972067039106,42.10526315789473,94.54545454545455,57.27272727272727,42.10526315789473,78.94736842105263,78.94736842105263,78.94736842105263
derrick2.wav,"Nina you're still responsible for the outcome and for hitting the deadlines, what do you think you should do differently the next time when a similar situation occurs?",Nina you're still responsible for the outcome and for hitting the deadlines. What do you think you should do differently. The next time when a similar situation occurs. ,"Nina, you're still responsible for the outcome and for hitting the deadlines.What do you think you should do differently?the next time when a similar situation occurs,","Nina, you're still responsible for the outcome and for hitting the deadlines.What do you think you should do differently?The next time when a similar situation occurs.",Nina You're still responsible for the outcome and for hitting the deadlines. What do you think you should do differently the next time when a similar situation occurs?,97.02380952380952,97.0059880239521,96.40718562874252,98.20359281437125,85.71428571428571,78.57142857142857,78.57142857142857,92.85714285714286
derrick3.wav,"Of course, you also has work from home and well-being tips and I'll help you navigate these and then we can set up touch points to continue to track progress.",Of course you also have work from home in mobile. ,"Of course, you also has work from home and well-being, tips. And I'll help you navigate these, and then we can set up touch points to continue to track progress.","Of course, you also has worked from home and well being tips and I'll help you navigate these and then we can set up touch points to continue to track progress.","Of course, you also has worked from home and wellbeing tips, and I'll help you navigate these and then we can set up touch points to continue to track progress.",40.38461538461539,98.43260188087774,98.74213836477988,98.74213836477988,23.333333333333332,93.33333333333333,93.33333333333333,90.0
Kevin25.wav,"Heroes thank you for spending time with me. I understand that you feel that you delivered some really good deliverables off the past few year and you think you are ready for the next level. However, I need some more details to understand how you really should make yourself different from some of your peers and some of the other people at the same level right? So I really need you to elaborate on some of the quality aspects of the deductibles that you worked on for the last year. I also need to understand more details on how you contributed towards other areas like Business Development building a best practices and things like that.",Hero thank you for spending time with me i understand what you feel that you deliver some really good delivers off the past year. You think you're ready for the next level. However i need some more details understand how you really should make us a different some of your peers and some of the other people the same level right. So i really need you to elaborate on some of the quality aspect of the deductible that you worked on for the last year. I'll smith understand more details on how you contributed towards other areas like business development building a best practices and things like that. ,"Heroes, thank you for spending time with me. I understand that you feel that you deliver some really good delivers out the past year.You think you're ready for the next level?However, I need some more details, understand how you really should make yourself different, some of your peers and some of the other people at the same level, right?So, I really need you to elaborate on some of the quality aspects of the deductibles that you worked on for the last year.Ask me to understand more details on how you contributed towards other areas like Business Development, building a best practices and things like that.","Heroes, thank you for spending time with me. I understand that you feel that you deliver some really good deliveries off the past year.Do you think you're ready for the next level?However, I need some more details. Understand how you really should make yourself different. Some of your peers and some of the other people at the same level, right?So I really need you to elaborate on some of the quality aspects of the deductibles that you worked on for the last year.Ask me to understand more details on how you contributed towards other areas like business development, building a best practices and things like that.","Heroes thank you for spending time with me. I understand that you feel that you deliver some really good deliveries off the past year and you think you're ready for the next level. However, I need some more details, understand how you really should make yourself different, some of your peers and some of the other people at the same level, Right? So I really need you to elaborate on some of the quality aspects of the deductibles that you worked on for the last year. Also need to understand more details on how you contributed towards other areas like business development building and best practices and things like that.",8.064516129032258,19.31364724660814,19.252187748607795,19.145569620253163,73.04347826086956,81.73913043478261,80.8695652173913,87.82608695652175
Kevin27.wav,"Hi Rose, I appreciate you taking the time to chat with me as well.  I definitely understand that you feel you're ready to be promoted to manager. And I understand that you feel you've done a great job on this project.  Let's talk a little more about you know, are your expectations versus how you've done on the project and how you've done in general and we'll take it from there.",Hi rose i appreciate you taking the time to chat with me as well. I definitely understand that you feel you're ready to be promoted to manager. And i understand you feel you've done a great job on this project. That's like little bit more about you know. Are you expectations versus how you done the project now you've done the general will take it from there. ,"Hi Rose, I appreciate you taking the time to chat with me as well.I definitely understand that you feel. You're ready to be promoted to manager.And I understand that you feel you've done a great job on this project.It's like a little bit more about, you know.Are you expectations versus how you've done in the project and how you've done it, General will take it from there.","Hi Rose, I appreciate you taking the time to chat with me as well.I definitely understand you feel your ready to be promoted to manager.And I understand you feel you've done a great job on this project.Let's talk a little bit more about you know.Are you expectations versus how you've done in the project and how you've done? In general? We'll take it from there.","Hi Rose. I appreciate you taking the time to chat with me as well. I definitely understand you feel you're ready to be promoted to manager and I understand you feel you've done a great job on this project. Let's talk a little bit more about, you know, our your expectations versus how you've done in the project, how you've done in general, we'll take it from there.",41.02564102564102,65.51724137931035,90.71332436069987,3.2171581769436997,73.23943661971832,76.05633802816901,71.83098591549296,90.14084507042254
Kevin3.wav,"Hey Rose, first of all, super excited to hear that you're thinking about taking the next step and looking for promotion to make manager. So that's certainly a big milestone in your career. And so I think there's just a few things we need to discuss and so in order for me to make the best business case for you to get promoted I'd like you to tell me a little bit more about why you think you deserve this promotion.",Hey rose first of all super exciting that you thinking about taking the next uplift promotion make manager. Pleasantly big mouth on your career. That's why i think there's just a few things we need to discuss and so in order for me to make the best business case for you to get promoted. I like you to tell me a little bit more about why you think you deserve this remote. Error:,"Hey Rose. First of all, super excited to hear that you thinking about taking the next step and look for motion to make manager.So that's certainly a big mouse on your career.So I think there's just a few things we need to discuss. And so, in order for me to make the best business case for you to get promoted,I like you to tell me a little bit more about why you think you deserve this promotion.","Hey Rose, first of all, super excited that you're thinking about taking the next step and look for a motion to make manage.So that's certainly a big mouse on your career.And so I think there's just a few things we need to discuss, and so in order for me to make the best business case for you to get promoted.I like you to tell me a little bit more about why you think you deserve this promotion.","Hey Rose, first of all, super excited that you're thinking about taking the next step, promotion to make manager. So that's certainly a big milestone in your career. And so I think there's just a few things we need to discuss. And so in order for me to make the best business case for you to get promoted, I'd like you to tell me a little bit more about why you think you deserve this promotion.",5.534591194968554,3.4440344403444034,25.36945812807882,77.43526510480888,72.8395061728395,80.24691358024691,83.9506172839506,92.5925925925926
masionis1.wav,That's very understandable. And I think all of us including myself are experiencing a lot of different things in our lives and different difficulties as a result of this pandemic. So thank you for telling me. I appreciate that.,That's very understandable. I think all of us including myself are experiencing a lot of different things in our lives. I really appreciate that. Error:,"That's very understandable.I think all of us including myself are experiencing a lot of different things in our lives.And the front of cookies, as a result of this pandemic. So thank you for telling me. I really appreciate that.","That's very understandable.I think all of us, including myself, are experiencing a lot of different things in our lives.And different difficulties as a result of this pandemic. So thank you for telling me. I really appreciate that.","That's very understandable. I think all of us, including myself, are experiencing a lot of different things in our lives and different difficulties as a result of this pandemic. So thank you for telling me, I really appreciate that.",74.93403693931398,14.505494505494507,14.41048034934498,88.88888888888889,58.97435897435898,82.05128205128204,87.17948717948718,97.43589743589743
masionis2.wav,"Yeah, but this is your job trying to figure this out. I mean stop complaining and just do it.",Yeah. See your job trying to figure this out i mean stop complaining and just do it. ,"yeah, butSee your job trying to figure this out for me and stop complaining and just do it.","Yeah, but.See your job trying to figure this out. I mean, stop complaining and just do it.","Yeah, but your job trying to figure this out, I mean stop complaining and just do it.",88.76404494382022,89.13043478260869,92.89617486338798,94.3820224719101,78.94736842105263,68.42105263157895,84.21052631578947,89.47368421052632
masionis3.wav,"I fully understand Ryan. I think everyone is going through the same situation if it's not similar challenges, it's something different. How can I help?",I fully understand. I think i'm going through the same situation if it's not somewhere challenges it's something different how can i help. Error:,"I fully understand.I think everyone's going through the same situation if it's not similar challenges, it's something different. How can I help?","I fully understand right?I think everyone is going through the same situation if it's not similar challenges, it's something different. How can I help?","I fully understand Ryan, I think everyone's going through the same situation. If it's not similar challenges, it's something different, how can I help? Mhm.",85.8108108108108,96.94915254237289,96.02649006622516,94.46254071661238,68.0,80.0,92.0,84.0
mehmet1.wav,"Hi Rose. Thanks for meeting with me today. So I understand you'd like to move up to a manager. You know, they'll tell me a little bit more about how you feel you perform in this project perhaps, you know, highlighting some of the your pranks and and then do you think there were any opportunities for you to grow or contribute in different way? ",Heidel. Thanks for meeting with me today so i understand you would like to move up to a manager. You know they will tell me a little bit more about how you feel you perform in this project. Abs. You know highlighting some of to your pranks and and then do you think that would enable percentage for you to grow her contribution different way. ,"Hi Rose.Thanks for meeting with me today. So I understand you would like to move up to manager.You know, they will tell me a little bit more about how you feel you perform in this project.You know, highlighting some of the your pranks and and then do you think there were any opportunities for you to grow or contribute in different way?","Hi rose.Thanks for meeting with me today so I understand you would like to move up to a manager.You know they will tell me a little bit more about how you feel you perform in this project.Perhaps?You know, highlighting some of your pranks and and then do you think there are any opportunities for you to grow or contribute in different way?","Hi does. Thanks for meeting with me today. So I understand you would like to move up to a manager. You know, they will tell me a little bit more about how you feel you perform in this project, perhaps, you know, highlighting some of your pranks and and then do you think there are any opportunities for you to grow or contribute in different ways?",43.895348837209305,93.841642228739,21.313868613138688,72.54335260115607,69.23076923076923,81.53846153846153,78.46153846153847,87.6923076923077
mehmet2.wav,Thanks for letting me know your your thoughts on the engagement and that you think you're ready to be promoted to manager. Can you elaborate a little bit on why you think you're ready to be promoted to manager? ,Thanks for letting me know your thoughts on the engagement and that you think you already to be promoted to manager. Can you lower it a little bit on why you think you are ready to be promoted to manager. ,Thanks for letting me know your thoughts on the engagement and that you think you are ready to be promoted to manager.Can you elaborate a little bit on? Why you think you are ready to be promoted to manager?,Thanks for letting me know your your thoughts on engagement and that you think you are ready to be promoted to manager.Can you elaborate a little bit on why you think you are ready to be promoted to manager?,"Thanks for letting me know your, your thoughts on the engagement and that you think you are ready to be promoted to manager. Can you elaborate a little bit on why you think you are ready to be promoted to manager?",70.1923076923077,88.03827751196172,81.3397129186603,98.11320754716981,76.92307692307693,76.92307692307693,82.05128205128204,89.74358974358975
mehmet3.wav,"Hi Rose, great to talk with you today. Thanks for setting this up. I know you're excited to get promoted to manager and that you feel like you've done a good job in the client is happy with your deliverables and your work. Can you tell me more about specifically why? ",Pyro's. Great talk with you today. Thanks for setting sub. I know you are excited to get promoted to manager and that you feel like you have done a good job in the client is happy with your deliverables and your work. Can you tell me where it was for hawaii. ,"Hi Rose.Great talk with you today.Thanks for setting this up.I know you are excited to get promoted to manager and that you feel like you have done a good job in the client is happy with your deliverables and your work.Can you tell me more about specifically, why?",Hi rose.Great talk with you today.Thanks for setting this up.I know you are excited to get promoted to manager and that you feel like you have done a good job in the client. Is happy with your deliverables and your work.Can you tell me more about specifically why?,Higher US. Great talk with you today. Thanks for setting this up. I know you are excited to get promoted to manager and that you feel like you have done a good job in decline is happy with your deliverables and your work. Can you tell me more about specifically why?,81.21442125237192,4.887218045112782,84.58646616541353,89.8876404494382,72.54901960784314,74.50980392156863,72.54901960784314,80.3921568627451
michael1.wav,"Nina, I really appreciate that you invested so much time and wanted to do a stellar job on your first engagement at the firm, but you own your performance and you own your commitment to meeting deadlines. There are a number of resources available to us all in terms of getting help asking teammates and colleagues. I'd be happy to show you how to look back at some of those things. But in terms of the overall performance, we can't let this happen again. So what do you think you could take as next steps in order to prevent this from happening again?",Nina i really appreciate that you invested so much time and wanted to do a stellar job on your first engagement the firm. But you own your performance and you own your commitment to meeting deadlines. There are number of resources available to us all in terms of getting help asking teammates and colleagues. I'd be happy to show you how to look back on some of those things. But in terms of the overall performance we can't let this happen again. So. What do you think you could take as next steps in order to prevent this from happening again. ,"Nina, I really appreciate that. You invested so much time at wanted to do a stellar job on your first engagement at the firm.But you own your performance and you own your commitment to meeting deadlines.There are a number of resources available to us all in terms of getting help asking teammates and colleagues.I'd be happy to show you how to look back on some of those things.But in terms of the overall performance, we can't let this happen again.so,What do you think you could take as next steps in order to prevent this from happening again?","Nina, I really appreciate that you invested so much time and wanted to do a stellar job on your first engagement at the firm.But you own your performance and you own your commitment to meeting deadlines.There are a number of resources available to us all in terms of getting help, asking teammates and colleagues.I'd be happy to show you how to look back on some of those things.But in terms of the overall performance, we can't let this happen again.So.What do you think you could take as next steps in order to prevent this from happening again?","Nina. I really appreciate that. You invested so much time and wanted to do a stellar job on your first engagement at the firm. But you own your performance and you own your commitment to meeting deadlines. There are a number of resources available to us all in terms of getting help, asking team mates and colleagues. I'd be happy to show you how to look back on some of those things. But in terms of the overall performance, we can't let this happen again. So what do you think you could take as next steps in order to prevent this from happening again?",95.897903372835,64.17502278942571,65.39162112932605,49.411764705882355,92.23300970873787,86.40776699029125,88.3495145631068,96.11650485436894
michael2.wav,Proactively asking the right questions and getting the right training is key. You have to take ownership of your performance and development. There's a number of resources provided by EY to develop your skills. Let's identify these and use them to improve your performance.,Proactively asking the right questions and getting the right training is key. You have to take ownership of your performance and development. There's a number of resources provided by ey to develop your skills. What's identify these and use them to improve your performance. ,Proactively asking the right questions and getting the right training is key.You have to take ownership of your performance and development.There's a number of resources provided by ey to develop your skills.Let's identify these and use them to improve your performance.,Proactively asking the right questions and getting the right training is key.You have to take ownership of your performance and development.There's a number of resources provided by E to develop your skills.Let's identify these and use them to improve your performance.,Proactively asking the right questions and getting the right training is key. You have to take ownership of your performance and development. There's a number of resources provided by EY. To develop your skills. Let's identify these and use them to improve your performance. Mhm.,89.05109489051095,89.87108655616943,90.40590405904058,98.18840579710145,95.45454545454545,84.0909090909091,84.0909090909091,97.72727272727273
michael3.wav,At EY We offer a lot of different training  opportunities for you.  You can do training modules online or connect with your peer advisor. You need to be proactive in getting the training you need when you are unclear on something. ,At me why we offer a lot of different training opportunities for you. You can do training modules online or connect with your period bizer. You need to be proactive and getting the training you need when you're unclear on something. ,"Anyway, we offer a lot of different training opportunities for you.You can do training modules online or connect with your peer advisor.You need to be proactive in getting the training you need when you're unclear on something.",That is why we offer a lot of different training opportunities for you.You can do training modules online or connect with your peer advisor.You need to be proactive in getting the training you need when you're unclear on something.,"At EY, we offer a lot of different training opportunities for you. You can do training modules online or connect with your period visor. You need to be proactive in getting the training you need when you're unclear on something.",6.896551724137931,3.9301310043668125,3.463203463203463,80.17429193899783,82.92682926829268,78.04878048780488,78.04878048780488,85.36585365853658
parul1.wav,You said you did a good job. Can you tell me what specific actions that you feel were manager-level?,You said you did a good job can you tell me what specific actions that you feel her manager level. ,You said you did a good job. Can you tell me what specific actions that you feel were manager level?,"You said you did a good job, can you tell me what specific actions that you feel were manager level?","You said you did a good job, can you tell me what specific actions that you feel will manage your level?",94.47236180904522,99.0,97.0,74.50980392156863,84.21052631578947,94.73684210526315,89.47368421052632,84.21052631578947
parul2.wav,I think it's good to good to hear. I'm glad we have this conversation because you're thinking about a big promoted to a manager as we start working towards a plan to understand how we can help you support that case. It's also important to understand what kind of feedback you get in.,I think it's good to hear. I'm glad we have this conversation because you thinking about a big promotion to manager as we start to understand. ,"I think it's good to hear.I'm glad we are we have this conversation because you're thinking about a big promotion to a manager as we start working towards a plan, to understand how we can help support your case. It's also important to understand what kind of feedback you get in.","I think it's good to hear.I, I'm glad we are. We have this conversation because you're thinking about a big promotion to manager as we start working towards a plan to understand how we can help support your case. It's also important to understand what kind of feedback you get in.",I think it's good to hear. I'm glad we are. We have this conversation because you're thinking about a big promotion to a manager as we start working towards a plan to understand how we can help support your case. It's also important to understand what kind of feedback you get in.,65.72769953051643,64.41281138790036,58.96980461811723,64.65364120781527,43.39622641509434,86.79245283018868,86.79245283018868,90.56603773584906
parul3.wav,"Hi Rose, I'm glad we have a chance to talk. I understand that you feel that. You did a real good job on the client project and I'd like to hear a little bit more about your contributions. And and and just how you feel that that you did a good job with the client. Just you know, any feedback that you can give me about some things you heard may also, you know, I'd like to talk to you a little bit more about why you believe that you're ready for promotion. I think it's important to kind of understand where you're at from your perspective so I can give you a mind perspective as well.",Hi rose i'm glad we have a chance to talk. I understand that you feel that. You did not have a good job on the pipeline project. ,"Hi Rose. I'm glad we have a chance to talk.I understand that you feel that?You did not have a grill, good job on the client project and I'd like to hear a little bit more about your contributions and and and and and just how you feel that you did a good job with the client just you know any feedback that you give me about some things you all heard may also, you know, I'd like to talk to you a little bit more about why you believe that, you're ready for the promotion. I think it's important to kind of understand Where you are from your perspective so I can give you a mind perspective as well.","Hi Rose, I'm glad we have a chance to talk.I understand that you feel that.You did not have a grill. Good job on the client project and I'd like to hear a little bit more about your contributions.","Hi Rose. I'm glad we have a chance to talk. I understand that you feel that you did not have a real good job on the client project. And I'd like to hear a little bit more about your contributions. Mm And and and and and just how you feel that you did a good job with the client. Just, you know, any feedback that you give me about. Some things you all heard may also, you know, I'd like to talk to you a little bit more about why you believe that you're ready for the promotion. I think it's important to kind of understand where you are from your perspective so I can give you a mind perspective as well.",32.16783216783217,85.13513513513513,46.547314578005114,92.02350965575147,18.803418803418804,88.88888888888889,27.350427350427353,93.16239316239316
srilakshmi1.mp4.wav,"Hey Rose, happy to talk to you today. So you said you think you're ready to promote to manager. You also say that that you think the client was happy with you working your deliverables wage. Can you elaborate a little bit further on why you think you're ready to promote to manager this year?",Who's happy to talk to you today. So you said you think you are ready to promote to manager. You also said that that you think the client was happy with you working you would deliver will space. Can you elaborate a little bit further on why you think you are ready to promote a manager this year. ,"Heroes. Happy to talk to you today.So you said, you think you are ready to promote to manager?You also say that that you think the client was happy with you, working your deliverables wage.Can you elaborate a little bit further on why you think you're ready to promote to manager this year?",Heroes happy to talk to you today.So you said you think you are ready to promote to manager?You also say that that you think the client was happy with you working your deliverable swish.Can you elaborate a little bit further on why you think you are ready to promote to manager this year?,Heroes happy to talk to you today. So you said you think you are ready to promote to manager? You also say that that you think the client was happy with you working your deliverable stage. Can you elaborate a little bit further on why you think you're ready to promote to manager this year?,58.40407470288624,20.962199312714777,34.48275862068966,33.67697594501718,74.54545454545455,80.0,74.54545454545455,85.45454545454545
srilakshmi2.mp4.wav,"Thank you so much for this conversation. So to be clear you're looking for promotion and you feel like you've done the right work and the client is happy with your work home. It's important for us to focus over the next few weeks on how we're going to get you there. And also if you're ready for this change, it's going to be a tremendous amount of work. How are you prepared for the future?",Thank you so much for this conversation. Error:To be clear you are looking for promotion and you feel like you have done that right work on the client is happy with your welcome. It's important for us to focus forward the next. Few weeks on how we're going to get you this. And also if you are ready for this change. It's going to be a tremendous amount of work. How are you prepared for the future. ,"Thank you so much for this conversation.so,To be clear. You are looking for promotion and you feel like you have done the right work on the client is happy with your work home.It's important for us to focus over the next.Few weeks on how we are going to get you there.and also, if you are ready for this change,It's going to be a tremendous amount of work.How are you prepared for the future?","Thank you so much for this conversation.So.To be clear, you are looking for promotion and you feel like you have done the right work on the client is happy with your work home.It's important for us to focus forward the next.Few weeks on how we are going to get you there.And also if you are ready for this change.It's going to be a tremendous amount of work.How are you prepared for the future?","Thank you so much for this conversation. So to be clear, you are looking for promotion and you feel like you have done the right work and the client is happy with your work home. It's important for us to focus forward the next few weeks on how we are going to get you there. And also, if you are ready for this change, it's going to be a tremendous amount of work. How are you prepared for the future?",35.65107458912769,33.205619412515965,33.63057324840764,23.98989898989899,76.31578947368422,73.68421052631578,71.05263157894737,89.47368421052632
srilakshmi3.mp4.wav,Rose I understand that you did you succeeded in this this implementation the I want to question you to understand a little bit more about why you think you're ready for a promotion and what you think goes into that?,I understand that you did you succeeded in this this implementation. I want to question you to understand a little bit more about. Why you think you are ready for your promotion. And what you think goes into that. ,"I understand that you did you succeeded in this? This implementation.the, I want to question you to understand a little bit more aboutWhy you think you are ready for your promotion?And what you think goes into that?","Truth, I understand that you did. You succeeded in this this implementation.The I want to question do to understand a little bit more about.Why you think you are ready for their promotion?And what you think goes into that.",Truth I understand that you did. You succeeded in this this implementation that I want to question you to understand you a little bit more about why you think you are ready for your promotion and what you think goes into that.,72.72727272727273,72.09302325581395,70.48054919908466,92.97052154195012,77.5,70.0,65.0,80.0
suzanne1.wav,"Hi Rose. Thank you for bringing this to my attention. So if I'm hearing you right based on your performance on our last engagement and based on your belief that the client was satisfied with your deliverables and with your work, you believe that you are up for promotion this year. Can you tell me a little bit more about the other projects you've been working on in your performance with those?",Hi rose. Thank you for bringing this to my attention. So if i'm hearing you right. Based on your performance on our last engagement. Based on your belief that the client was satisfied with your deliverables and with your work. You believe that you were up for promotion this year. Can you tell me a little bit more about the other projects that you've been working on in your performance. With those. ,"Hi Rose.Thank you for bringing this to my attention.So, if I'm hearing you, right?Based on your performance on our last engagement.And based on your belief that the client was satisfied with your deliverables and with your work.You believe that you are up for promotion this year?Can you tell me a little bit more about the other projects that you've been working on in your performance?With those.",Hi rose.Thank you for bringing this to my attention.So if I'm hearing you right?Based on your performance on our last engagement.And based on your belief that the client was satisfied with your deliverables and with your work.You believe that you were up for a promotion this year?Can you tell me a little bit more about the other projects that you've been working on in your performance?With those,"Hi Rose thank you for bringing this to my attention. So if I'm hearing you right, based on your performance, on our last engagement and based on your belief that the client was satisfied with your deliverables and with your work, you believe that you were up for promotion this year. Can you tell me a little bit more about the other projects that you've been working on in your performance with those?",43.969849246231156,92.55989911727617,86.2547288776797,98.11794228356337,86.11111111111111,77.77777777777779,76.38888888888889,97.22222222222221
suzanne10.wav,So you think you're ready for promotion? Can you tell me why you think that is?,So you think you're ready for promotion. Can you tell me why you think that is. ,"So, you think you're ready for a promotion?Can you tell me why you think that is?",So you think you're ready for promotion?Can you tell me why you think that is?,"So you think you're ready for promotion, Can you tell me why you think that is?",96.85534591194968,97.5,99.36305732484077,98.73417721518987,75.0,87.5,87.5,87.5
suzanne11.wav,Do you think you're ready for promotion?,Do you think you're ready for promotion. ,Do you think you're ready for a promotion?,Do you think you're ready for a promotion?,Do You think You're ready for promotion?,96.29629629629629,97.5609756097561,97.5609756097561,95.0,71.42857142857143,100.0,100.0,71.42857142857143
suzanne12.wav,Is all red violets are blue. I'm bored of this. How about you?,Is all red violets are blue. I'm bored of this. How about you. ,"He's all red, violets are blue.I'm bored of this.How about you?","He's all red, violets are blue.I'm bored of this.How about you?","It's all red violets are blue, I'm bored of this, How about you?",97.6,94.39999999999999,94.39999999999999,95.23809523809523,84.61538461538461,61.53846153846154,61.53846153846154,92.3076923076923
suzanne2.wav,Thanks for sharing all of this information with me. Can you help me understand? What areas that you think the client was really particularly happy with and what deliverables do you think you excelled in? I'd like understand how these reflect your promotion to (your) manager.,Thanks for sharing all of this information with me. Can you help me understand. What areas do you think the client was really particularly happy with. And what deliverables do you think you excelled in. About to understand how these reflect your promotion. Your manager. ,Thanks for sharing all of this information with me.Can you help me understand?What areas do you think the client was really particularly happy with?And what deliverables do you think you excelled in?I'd like to understand how these reflect your promotion.To your manager.,Thanks for sharing all of this information with me.Can you help me understand?What areas do you think the client was really particularly happy with?And what deliverables do you think you excelled in?I'd like to understand how these reflect your promotion.To your manager.,"Yeah, thanks for sharing all of this information with me. Can you help me understand what areas do you think the client was really particularly happy with? And what deliverables do you think you excelled in? I'd like to understand how these reflect your promotion to your manager.",74.72527472527473,57.509157509157504,57.509157509157504,53.333333333333336,78.26086956521739,71.73913043478261,71.73913043478261,80.43478260869566
suzanne3.wav,"Well Rose, thanks for sharing that with me. So I understand that you feel like you've done a great job on the client site. And you feel like you're ready for that next step. Can you share a little bit more with me as to why you feel like you're ready?",Melrose thanks for sharing that with me. But i understand you feel. You did a great job on the client site. And you feel like you're ready for that next step. Can you share a little bit more with me as to why you feel like you're ready. ,"Well Rose, thanks for sharing that with me.I understand that you feel.Did a great job on the client site.And you feel like you're ready for that next step.Can you share a little bit more with me as to why you feel like you're ready?","Well Rose, thanks for sharing that with me.Well, I understand that you feel.You've done a great job on the client site.And you feel like you're ready for that next step.Can you share a little bit more with me as to why you feel like you're ready?","Well, Rose, thanks for sharing that with me. Well, I understand that you feel you've done a great job on the client site and you feel you're ready for that next step? Can you share a little bit more with me as to why you feel like you're ready?",33.19672131147541,44.72049689440994,96.17706237424547,57.37373737373738,80.3921568627451,78.43137254901961,82.35294117647058,90.19607843137256
suzanne4.wav,Thanks for letting me know. Can you provide some additional information?,For letting me know. Can you provide some additional information. ,Thanks for letting me know.Can you provide some additional information?,Thanks for letting me know.Can you provide some additional information?,"Thanks for letting me know, can you provide some additional information?",91.30434782608695,99.3006993006993,99.3006993006993,97.22222222222221,63.63636363636363,81.81818181818183,81.81818181818183,90.9090909090909
suzanne5.wav,Rose I think you've done good work. There are a couple of Milestones that you need to match to get to the next level.,Rose i think you've done good work. There are a couple of milestones that you need to match to get to the next level. ,Rose. I think you've done good work.There are a couple of Milestones that you need to match to get to the next level.,"Rose, I think you've done good work.There are a couple of milestones that you need to match to get to the next level.","Rose, I think you've done good work. There are a couple of milestones that you need to match to get to the next level.",97.87234042553192,99.14529914529915,98.29059829059828,98.72340425531915,91.66666666666666,91.66666666666666,87.5,95.83333333333334
suzanne6.wav,Hey Rose.,Hey rose. ,Hey Rose.,Hey rose.,Hey Rose.,84.21052631578947,100.0,88.88888888888889,100.0,50.0,100.0,50.0,100.0
suzanne7.wav,Hi Rose. Thanks so much for meeting with me today. It's great to hear that you're doing a good job (for) the client and that they're happy with your work. It definitely sounds like you're ready to consider a promotion to manager. Can you elaborate a little bit more about what that means for you? Please elaborate on the qualities and skills and capabilities that you have that demonstrate your Readiness for promotion.,Hi rose. Thanks so much for meeting with me today. It's great to hear that you're doing a good job for the client and if they're happy with your work. It definitely sounds like you're ready to consider promotion to manager. Can you elaborate a little bit more about what that means for you. Please elaborate on the qualities and skills and capabilities that you have. That demonstrate your readiness for promotion. ,"Hi Rose.Thanks so much for meeting with me today.It's great to hear that. You're doing a good job for the client and that they're happy with your work.It definitely sounds like you're ready to consider a promotion to manager.Can you elaborate a little bit more about what that means for you?Please, elaborate on the qualities and skills and capabilities that you have.That demonstrate your Readiness for promotion.",Hi rose.Thanks so much for meeting with me today.It's great to hear that you're doing a good job for the client and that they're happy with your work.It definitely sounds like you're ready to consider a promotion to manager.Can you elaborate a little bit more about what that means for you?Please elaborate on the qualities and skills and capabilities that you have.That demonstrate your readiness for promotion.,Hi Rose thanks so much for meeting with me today. It's great to hear that you're doing a good job for the client and that they're happy with your work. It definitely sounds like you're ready to consider a promotion to manager. Can you elaborate a little bit more about what that means for you? Please elaborate on the qualities and skills and capabilities that you have that demonstrate your readiness for promotion.,91.60671462829735,97.95918367346938,92.17809867629362,78.32335329341318,87.67123287671232,79.45205479452055,79.45205479452055,94.52054794520548
suzanne8.wav,"Interesting, tell me more about why you are expecting to get promoted.",Interesting. Tell me more about why you are expecting to get promoted. ,Interesting.Tell me more about why you are expecting to get promoted.,Interesting.Tell me more about why you are expecting to get promoted.,Interesting Tell me more about why you are expecting to get promoted.,96.45390070921985,96.40287769784173,96.40287769784173,97.84172661870504,91.66666666666666,83.33333333333334,83.33333333333334,91.66666666666666
suzanne9.wav,Thanks for sharing this with me Rose. So you think you’re ready to be a manager. Tell me. Why do you think that is?,Thanks for sharing this with me rose. So you think you're ready to be a manager. Tell me. What do you think that is. ,Thanks for sharing this with me Rose.So you think you're ready to be a manager?Tell me.What do you think that is?,"Thanks for sharing this with me, rose.So you think you're ready to be a manager?Tell me.Why do you think that is?","Thanks for sharing this with me, Rose, So you think you're ready to be a manager? Tell me why do you think that is?",95.6896551724138,95.6140350877193,95.6140350877193,95.65217391304348,75.0,66.66666666666666,66.66666666666666,83.33333333333334
Tushar130.wav,"Rose we've enjoyed having you on the team and understand you, you know had some strong points and you know believe you you did a good job. What do you think you exchange that particularly?",Cruise we have enjoyed and having you on the team and understand you. You know. Had some strong points and you know believe you. Qt. good job. What do you think you exchanged that particularly. ,"Rose. We have enjoyed and having you on the team and understand youYou know.Had some strong points and, you know, believe you.You did a good job.What do you think you exchange that particularly?","Rose, we have enjoyed and having you on the team and understand you.You know?Had some strong points and you know, believe you.You did a good job.What do you think you exchange that particularly?","Rules we have enjoyed and having you on the team and understand you, you know, had some strong points and you know, I believe you you did a good job. What do you think you exchange that particularly?",90.0523560209424,93.19371727748691,93.717277486911,95.60723514211887,71.42857142857143,74.28571428571429,74.28571428571429,94.28571428571428
Tushar80.wav,"So you're ready to take on the promotion to manager, which is an additional responsibility. What do you think that you've done to deserve this promotion? Can you please elaborate a little bit more?",So you are ready to take on the promotion to manager which is an additional responsibility what do you think that you have done to deserve this promotion can you please elaborate a little bit more. ,So you are ready to take on the promotion to manager which is an additional responsibility. What do you think that you have done to deserve this promotion? Can you please elaborate a little bit more?,"So you are ready to take on the promotion to manager, which is an additional responsibility.","So you are ready to take on the promotion to manager, which is an additional responsibility. What do you think that you have done to deserve this promotion? Can you please elaborate a little bit more?",95.69620253164557,97.97979797979798,62.28373702422145,98.2367758186398,70.58823529411765,88.23529411764706,38.23529411764706,88.23529411764706
Tushar99.wav,"Hi Rose, happy to hear that you feel you're ready for the promotion. This is good news. Could you further elaborate and go deeper? Why you you think or you believe you're ready for the promotion and if you have any examples of situations you performed as expected.",Pyro's happy to hear that you feel. You are ready for the promotion this is good news could you further elaborate and go deeper why you you think or you believe you are ready for the promotion and if you have any examples of situations you have performed as expected. ,"Pyro's. Happy to hear that. You do feel.You are ready for the promotion. This is good news. Could you further elaborate and go deeper, why you you think or you believe, you are ready for the promotion? And if you have any examples of situations, you are performed as expected.","Hi Rose, happy to hear that you you feel.You are ready for the promotion. This is good news.","Kairos happy to hear that you feel you are ready for the promotion. This is good news. Could you further elaborate and go deeper? Why you you think or you believe you are ready for the promotion and if have any examples of situations, you are performed as expected.",7.894736842105263,21.85185185185185,47.19101123595505,1.1342155009451798,79.16666666666666,72.91666666666666,29.166666666666668,85.41666666666666
